City,Lat,Lng,Max_Temp,Humidity,Cloudiness,Wind_Speed,Country,Date
Lakes Entrance,-37.8811,147.981,44.01,96,9,8.93,AU,1619469149
Lebu,-37.6167,-73.65,59.0,73,2,12.57,CL,1619468889
Mataura,-46.1927,168.8643,39.99,89,100,1.01,NZ,1619468783
Punta Arenas,-53.15,-70.9167,44.6,100,90,10.36,CL,1619468682
Moundsville,39.9203,-80.7431,66.99,31,1,3.04,US,1619469151
Thompson,55.7435,-97.8558,46.4,49,75,12.66,CA,1619468793
Chui,-33.6971,-53.4616,64.26,57,20,10.89,UY,1619468832
Kapaa,22.0752,-159.319,77.0,73,1,12.66,US,1619468787
New Norfolk,-42.7826,147.0587,46.0,85,11,2.8,AU,1619468805
Airai,-8.9266,125.4092,55.58,75,98,1.28,TL,1619468811
Severo-Kuril'sk,50.6789,156.125,30.49,94,100,23.8,RU,1619468860
Zaysan,47.4667,84.8667,44.98,42,93,5.55,KZ,1619468865
Vaini,-21.2,-175.2,75.2,94,75,4.61,TO,1619468615
Flin Flon,54.7682,-101.865,53.6,26,20,16.11,CA,1619468946
Norman Wells,65.282,-126.8329,15.8,41,75,5.75,CA,1619468844
Nome,64.5011,-165.4064,39.2,70,1,3.44,US,1619469156
Iqaluit,63.7506,-68.5145,30.2,80,75,26.46,CA,1619468890
Ossora,59.2353,163.0719,31.75,95,100,3.24,RU,1619469157
Nanortalik,60.1432,-45.2371,34.93,99,100,5.19,GL,1619468969
Alta Floresta,-9.8756,-56.0861,82.4,74,75,3.44,BR,1619469159
Bluff,-46.6,168.3333,39.99,89,54,1.01,NZ,1619468806
George Town,5.4112,100.3354,80.6,83,20,4.83,MY,1619468691
Ushuaia,-54.8,-68.3,44.6,81,90,3.44,AR,1619468778
Qaanaaq,77.484,-69.3632,38.7,71,85,7.36,GL,1619468729
Hobart,-42.8794,147.3294,46.0,87,20,6.02,AU,1619468698
Virginia Beach,36.8529,-75.978,69.8,28,1,9.22,US,1619469150
Bethel,41.3712,-73.414,59.0,24,1,10.36,US,1619468830
Yellowknife,62.456,-114.3525,8.01,51,20,13.8,CA,1619468738
Bambanglipuro,-7.95,110.2833,75.06,85,8,4.25,ID,1619469162
Ribeira Grande,38.5167,-28.7,60.8,77,40,3.51,PT,1619468708
Chaihe,44.7667,129.7,44.2,58,100,3.56,CN,1619469163
Vestmannaeyjar,63.4427,-20.2734,45.81,86,5,10.04,IS,1619468733
East London,-33.0153,27.9116,72.12,60,100,10.09,ZA,1619468818
Port Elizabeth,-33.918,25.5701,64.4,88,90,9.22,ZA,1619468678
Guerrero Negro,27.9769,-114.0611,66.52,52,96,14.67,MX,1619468796
Barra de Tecoanapa,16.5167,-98.75,88.0,55,23,12.97,MX,1619469166
Eyl,7.9803,49.8164,83.55,71,95,4.88,SO,1619469167
Mahanoro,-19.9,48.8,72.5,93,100,3.8,MG,1619469167
Barrow,71.2906,-156.7887,17.6,73,1,17.27,US,1619468605
Maromitsa,59.8683,48.0123,35.08,97,100,8.63,RU,1619469168
Cabo San Lucas,22.8909,-109.9124,80.01,36,75,9.22,MX,1619468691
Ostrovnoy,68.0531,39.5131,30.13,76,100,18.16,RU,1619468814
Torbay,47.6666,-52.7314,44.01,65,90,18.41,CA,1619468792
High Rock,26.6208,-78.2833,80.6,57,40,14.97,BS,1619469170
Great Falls,47.5002,-111.3008,53.6,30,75,14.97,US,1619469171
Muros,42.7762,-9.0603,57.0,87,56,5.99,ES,1619468939
Alofi,-19.0595,-169.9187,82.4,83,40,6.91,NU,1619468872
Longyearbyen,78.2186,15.6401,23.0,63,40,12.66,SJ,1619468688
Narsaq,60.9167,-46.05,37.4,87,75,10.36,GL,1619468832
Castro,-24.7911,-50.0119,67.15,68,19,5.12,BR,1619468722
Port Hardy,50.6996,-127.4199,50.0,87,20,6.91,CA,1619468789
San Fernando del Valle de Catamarca,-28.4696,-65.7852,75.0,61,19,1.99,AR,1619469174
Hermanus,-34.4187,19.2345,57.99,89,49,5.61,ZA,1619468681
Tiksi,71.6872,128.8694,16.27,95,100,8.72,RU,1619468795
Dikson,73.5069,80.5464,31.91,98,100,18.86,RU,1619468866
Kruisfontein,-34.0033,24.7314,63.0,86,66,4.0,ZA,1619468683
Naze,28.3667,129.4833,62.55,66,3,11.03,JP,1619469176
Poum,-20.2333,164.0167,75.51,72,58,19.44,NC,1619469177
Järvenpää,60.4737,25.0899,37.4,93,75,6.91,FI,1619469178
Ponta do Sol,32.6667,-17.1,62.01,75,93,1.99,PT,1619468867
Ippy,6.2679,21.2247,75.69,66,44,3.78,CF,1619469179
Qandala,11.472,49.8728,84.9,65,92,3.49,SO,1619469179
Methóni,36.8197,21.7049,62.01,87,84,2.3,GR,1619469180
Atuona,-9.8,-139.0333,79.86,75,48,15.66,PF,1619468701
Mount Gambier,-37.8333,140.7667,53.6,87,90,4.61,AU,1619468899
Cidreira,-30.1811,-50.2056,68.67,61,51,12.26,BR,1619468822
Mandalgovi,45.7625,106.2708,27.72,87,100,12.5,MN,1619469182
Tual,-5.6667,132.75,82.99,57,69,4.23,ID,1619469183
Grootfontein,-19.5667,18.1167,62.69,37,4,1.99,NA,1619468925
Kirs,59.3388,52.2447,34.52,97,100,8.95,RU,1619469184
Kavieng,-2.5744,150.7967,81.66,75,67,0.18,PG,1619468712
Vardø,70.3705,31.1107,32.0,86,75,8.05,NO,1619468815
Rikitea,-23.1203,-134.9692,77.25,76,49,9.08,PF,1619468794
Jamestown,42.097,-79.2353,55.0,32,20,8.05,US,1619468640
Tuktoyaktuk,69.4541,-133.0374,8.6,72,1,16.11,CA,1619468798
Aklavik,68.2191,-135.0107,17.6,53,100,10.36,CA,1619468856
Albany,42.6001,-73.9662,55.0,28,1,7.0,US,1619468514
Faanui,-16.4833,-151.75,80.83,67,98,4.81,PF,1619468736
Saint-Joseph,-21.3667,55.6167,77.0,73,90,11.5,RE,1619468976
Eucaliptus,-17.5833,-67.5167,56.68,10,0,16.26,BO,1619469188
Dumbéa,-22.15,166.45,75.99,88,75,5.75,NC,1619469189
Okotoks,50.7289,-113.9828,55.99,29,6,3.0,CA,1619469189
Safi,32.2994,-9.2372,63.86,84,2,15.79,MA,1619469190
Hasaki,35.7333,140.8333,39.2,81,20,1.14,JP,1619468789
Vila,42.0304,-8.1588,55.99,86,100,1.99,PT,1619468791
Dingle,10.9995,122.6711,74.71,88,78,6.6,PH,1619469191
Acapulco de Juárez,16.8634,-99.8901,87.8,62,1,9.22,MX,1619468864
Dafeng,23.4517,108.5881,65.25,94,100,3.15,CN,1619469193
Hirara,24.8,125.2833,71.87,64,100,13.42,JP,1619468814
Puck,54.7179,18.4084,35.01,60,40,2.3,PL,1619469194
Honningsvåg,70.9821,25.9704,32.0,93,75,11.5,NO,1619468875
Vila Velha,-20.3297,-40.2925,82.0,78,75,8.05,BR,1619468941
Luanda,-8.8368,13.2343,77.0,83,75,11.5,AO,1619469039
Khatanga,71.9667,102.5,16.63,93,100,11.32,RU,1619468702
Lagoa,39.05,-27.9833,61.09,78,98,8.25,PT,1619468686
Yazman,29.1212,71.7446,88.21,7,0,8.52,PK,1619469197
Shingū,33.7333,135.9833,50.36,70,76,5.23,JP,1619469198
Clyde River,70.4692,-68.5914,24.8,100,90,5.23,CA,1619468748
Broadford,-37.2,145.0667,51.01,91,54,5.44,AU,1619469199
Birjand,32.8663,59.2211,69.8,16,40,16.11,IR,1619469200
Abū Zabad,12.35,29.25,88.75,17,90,4.65,SD,1619468986
Arraial do Cabo,-22.9661,-42.0278,77.0,83,40,4.61,BR,1619468781
Sol'-Iletsk,51.1631,54.9918,45.32,73,100,13.0,RU,1619469194
San Francisco del Mar Viejo,16.2333,-94.65,86.72,67,27,14.92,MX,1619469202
Odzun,41.0532,44.6134,53.38,96,100,3.04,AM,1619469204
Isangel,-19.55,169.2667,71.6,88,20,7.52,VU,1619468799
Brandon,27.9378,-82.2859,88.0,42,40,4.61,US,1619469019
Belz,47.6751,-3.168,54.0,76,68,8.01,FR,1619469205
Fortuna,40.5982,-124.1573,55.0,71,90,10.36,US,1619468732
Ongole,15.5,80.05,80.17,81,0,9.62,IN,1619469206
Sawākin,19.1059,37.3321,83.52,70,27,0.83,SD,1619469207
Maceió,-9.6658,-35.7353,82.4,74,20,11.5,BR,1619468644
San Isidro,-12.1167,-77.05,72.0,73,20,6.91,PE,1619469208
La Santisima Trinidad,-14.8333,-64.9,77.0,69,75,9.22,BO,1619469205
Zemio,5.0314,25.1361,73.08,78,49,3.27,CF,1619469209
Athani,16.7333,75.0667,76.69,59,72,4.9,IN,1619469210
Portland,45.5234,-122.6762,57.99,71,90,8.05,US,1619468785
Hofn,64.2539,-15.2082,39.2,75,40,8.05,IS,1619468711
Sola,-13.8833,167.55,75.2,94,40,12.48,VU,1619468791
Linares,-35.85,-71.6,72.75,29,0,6.2,CL,1619469206
Moerai,-22.4333,-151.3333,77.72,76,100,9.8,PF,1619469212
Rantepao,-2.9701,119.8978,66.02,98,34,1.23,ID,1619469213
Saint-Pierre,-21.3393,55.4781,77.0,73,90,11.5,RE,1619468910
Adeje,28.1227,-16.726,68.0,73,40,6.91,ES,1619469214
Polunochnoye,60.8697,60.4153,33.67,94,90,5.61,RU,1619469214
Bredasdorp,-34.5322,20.0403,53.6,87,0,2.3,ZA,1619468614
Flinders,-34.5833,150.8552,53.01,88,1,1.01,AU,1619468644
Senador José Porfírio,-2.5908,-51.9542,78.85,90,98,2.15,BR,1619469216
Talnakh,69.4865,88.3972,10.36,82,93,8.95,RU,1619468702
Opuwo,-18.0607,13.84,67.17,43,11,2.39,NA,1619468812
Lorengau,-2.0226,147.2712,80.87,76,99,1.92,PG,1619468750
Constitución,-35.3333,-72.4167,65.97,55,0,12.95,CL,1619468958
Busselton,-33.65,115.3333,57.0,91,100,1.03,AU,1619468685
Phan Thiet,10.9333,108.1,78.13,86,99,3.06,VN,1619469084
Butaritari,3.0707,172.7902,83.26,74,91,13.71,KI,1619468721
Rocha,-34.4833,-54.3333,61.25,66,0,9.89,UY,1619468687
Dubbo,-32.25,148.6167,44.6,76,0,12.66,AU,1619469197
Tasiilaq,65.6145,-37.6368,39.2,75,75,9.93,GL,1619468730
Hay River,60.8156,-115.7999,5.0,66,100,9.22,CA,1619469042
Devarkonda,16.7,78.9333,86.25,40,87,7.47,IN,1619469222
Mahébourg,-20.4081,57.7,78.8,78,75,16.11,MU,1619468692
Carutapera,-1.195,-46.02,78.71,83,100,6.87,BR,1619469223
Hilo,19.7297,-155.09,73.4,73,90,4.61,US,1619468700
Avarua,-21.2078,-159.775,80.6,78,20,4.61,CK,1619468703
Los Llanos de Aridane,28.6585,-17.9182,69.8,73,75,4.61,ES,1619468721
Zhigansk,66.7697,123.3711,12.92,91,100,16.46,RU,1619469225
Carnarvon,-24.8667,113.6333,62.6,72,0,5.75,AU,1619468730
Port Alfred,-33.5906,26.891,68.4,82,100,13.62,ZA,1619468698
Mar del Plata,-38.0023,-57.5575,62.6,63,0,8.05,AR,1619468689
Iskateley,67.6803,53.1512,36.57,96,100,4.54,RU,1619469227
Morgan City,29.6994,-91.2068,82.99,57,1,10.36,US,1619469228
Buluang,13.3068,123.3425,72.36,91,100,2.98,PH,1619469228
La Romana,18.4273,-68.9728,82.4,74,75,11.5,DO,1619469229
Praia,14.9215,-23.5087,71.6,68,20,19.57,CV,1619469230
Byron Bay,-28.65,153.6167,55.99,100,69,4.61,AU,1619468745
Celestún,20.8667,-90.4,86.23,59,5,12.35,MX,1619469231
Acajutla,13.5928,-89.8275,95.0,34,20,2.3,SV,1619469231
Nioki,-2.7167,17.6833,75.33,84,59,0.76,CD,1619469233
Bengkulu,-3.8004,102.2655,75.34,88,72,3.87,ID,1619468706
Khorramshahr,30.4397,48.1664,80.6,54,51,6.91,IR,1619469234
Fort Nelson,58.8053,-122.7002,26.6,68,90,9.22,CA,1619469234
Chikwawa,-16.0335,34.8009,75.31,72,85,0.98,MW,1619469235
Saint-Philippe,-21.3585,55.7679,77.0,73,90,11.5,RE,1619468687
Matagami,49.7502,-77.6328,41.0,42,1,11.5,CA,1619469236
Rio Rancho,35.2334,-106.6645,78.01,6,1,16.11,US,1619469237
Diamantino,-14.4086,-56.4461,76.91,76,89,2.93,BR,1619469237
Imbituba,-28.24,-48.6703,71.6,64,40,11.5,BR,1619469238
Selma,36.5708,-119.6121,66.99,36,40,9.22,US,1619469239
Tazovsky,67.4667,78.7,33.22,95,100,12.75,RU,1619469131
Orhei,47.3831,28.8231,37.4,75,0,1.14,MD,1619469240
Laguna,38.421,-121.4238,66.0,34,20,5.23,US,1619468697
Geraldton,-28.7667,114.6,59.0,72,21,9.22,AU,1619468709
Taoudenni,22.6783,-3.9836,97.48,11,59,9.66,ML,1619468708
Mudgee,-32.5943,149.5871,37.4,93,0,4.07,AU,1619469242
Bielsk Podlaski,52.7651,23.1865,33.01,78,53,6.08,PL,1619469243
Igrim,63.1906,64.4162,35.35,85,57,4.63,RU,1619469244
Tautira,-17.7333,-149.15,84.2,70,40,11.5,PF,1619468785
São Miguel do Tapuio,-5.5036,-41.3233,79.74,61,57,4.5,BR,1619469245
Egvekinot,66.3167,-179.1667,23.74,86,26,3.56,RU,1619469246
Ji’an,27.1172,114.9793,63.68,96,100,5.48,CN,1619468746
Vrangel',42.7297,133.0839,42.15,76,60,3.62,RU,1619469248
Lesozavodsk,45.4794,133.4244,41.45,52,79,8.34,RU,1619469249
San Andrés,12.5847,-81.7006,86.0,62,90,11.5,CO,1619469206
Saryozek,44.3583,77.9753,50.81,37,34,4.43,KZ,1619469250
Uruçuí,-7.2294,-44.5561,81.14,70,71,2.89,BR,1619469250
Greenwood,34.1668,-82.1165,77.0,40,1,4.61,US,1619469058
Koulikoro,14.0,-7.75,94.33,15,58,5.95,ML,1619469251
Karratha,-20.7377,116.8463,74.71,44,0,7.81,AU,1619468781
La Paz,-16.5,-68.15,57.2,18,20,11.5,BO,1619469004
Vidalia,32.2177,-82.4135,80.6,41,40,5.75,US,1619469253
Mount Isa,-20.7333,139.5,75.2,53,78,8.05,AU,1619468692
Pisco,-13.7,-76.2167,70.0,83,20,8.05,PE,1619468696
São Francisco,-15.9486,-44.8644,82.15,43,95,1.86,BR,1619469254
Oswego,43.4501,-76.1497,46.0,39,1,12.66,US,1619469255
Verkhnevilyuysk,63.4453,120.3167,14.11,90,99,8.57,RU,1619468641
Júlio de Castilhos,-29.2269,-53.6817,69.8,43,0,3.44,BR,1619469256
Kaitangata,-46.2817,169.8464,42.01,85,74,4.0,NZ,1619468696
Jurm,36.8648,70.8342,56.53,48,84,5.59,AF,1619469257
Balyqshy,47.0667,51.8667,53.6,82,75,15.66,KZ,1619469258
Hong Kong,22.2855,114.1577,73.99,91,100,17.36,HK,1619468714
Ulladulla,-35.35,150.4667,54.0,94,1,9.22,AU,1619468964
Hobyo,5.3505,48.5268,83.43,74,48,8.99,SO,1619469259
Lavrentiya,65.5833,-171.0,29.17,80,100,0.49,RU,1619468823
Lumut,4.2323,100.6298,77.0,88,20,4.41,MY,1619469260
Rongcheng,30.634,117.8517,60.17,98,100,2.19,CN,1619469261
Saint-François,46.4154,3.9054,55.99,71,0,2.33,FR,1619469261
Lakatoro,-16.0999,167.4164,78.78,79,100,9.44,VU,1619468789
Evinayong,1.4368,10.5512,70.16,96,99,1.99,GQ,1619469263
Namatanai,-3.6667,152.4333,79.25,80,63,3.33,PG,1619468810
Arlit,18.7369,7.3853,97.12,8,100,12.03,NE,1619468679
Ust-Kuyga,70.0167,135.6,29.32,96,100,5.77,RU,1619469264
Henties Bay,-22.116,14.2845,63.0,88,17,5.99,NA,1619469253
Krasnosel'kup,65.7,82.4667,26.42,91,68,12.17,RU,1619468778
Pevek,69.7008,170.3133,18.39,91,97,3.02,RU,1619468784
Hargeisa,9.56,44.065,67.37,80,100,14.0,SO,1619469266
Pierre,44.3683,-100.351,68.0,45,1,13.8,US,1619469266
Kutum,14.2,24.6667,76.8,10,56,10.09,SD,1619469267
Boyolangu,-8.1181,111.8935,74.5,91,44,2.3,ID,1619469268
Viedma,-40.8135,-62.9967,70.29,30,0,12.41,AR,1619468689
Lata,40.1629,-8.3327,62.01,93,46,4.0,PT,1619468991
Cape Town,-33.9258,18.4232,64.0,82,75,19.57,ZA,1619468522
Upernavik,72.7868,-56.1549,36.05,88,33,4.45,GL,1619468705
Road Town,18.4167,-64.6167,82.4,61,40,11.5,VG,1619469270
Uíge,-7.6087,15.0613,68.41,94,79,2.93,AO,1619469270
Puerto Ayora,-0.7393,-90.3518,82.4,69,40,19.57,EC,1619468684
Sørland,67.667,12.6934,32.0,93,40,5.75,NO,1619468795
Saint Paul Harbor,57.79,-152.4072,44.6,81,90,11.5,US,1619468472
Tuatapere,-46.1333,167.6833,39.99,89,92,1.01,NZ,1619468717
Vila Franca do Campo,37.7167,-25.4333,60.8,77,75,8.05,PT,1619468811
Bhopal,23.2667,77.4,84.4,8,8,1.97,IN,1619469274
Dunedin,-45.8742,170.5036,44.01,70,56,14.0,NZ,1619468725
Price,39.5994,-110.8107,57.2,23,90,21.85,US,1619469276
Bairiki Village,1.3292,172.9752,84.2,74,20,5.75,KI,1619469276
Valday,57.9747,33.2525,33.85,97,100,5.46,RU,1619469277
Chokurdakh,70.6333,147.9167,20.28,94,100,4.76,RU,1619468778
Kirensk,57.7853,108.1119,22.12,87,86,7.99,RU,1619469278
Riachão das Neves,-11.7461,-44.91,79.41,60,100,2.35,BR,1619469278
Santa Lucía,27.9117,-15.5407,69.01,73,75,10.36,ES,1619469279
Mackay,-21.15,149.2,59.0,94,51,5.75,AU,1619469280
Gravdal,68.1214,13.5031,32.0,86,40,3.44,NO,1619469281
Izhma,65.0083,53.9113,36.34,94,100,2.89,RU,1619469281
Golden Gate,26.1879,-81.6951,91.0,39,1,10.36,US,1619469282
Clearlake,38.9582,-122.6264,60.01,43,88,1.01,US,1619469282
Pangkalanbuun,-2.6833,111.6167,73.89,98,48,2.04,ID,1619469283
Cap Malheureux,-19.9842,57.6142,77.0,82,100,8.01,MU,1619469067
Taltal,-25.4,-70.4833,66.15,71,10,5.03,CL,1619469203
Malakal,9.5334,31.6605,77.95,69,99,6.58,SS,1619468732
Saint Anthony,45.0205,-93.218,51.01,61,90,8.05,US,1619468776
Złocieniec,53.5329,16.0113,33.01,59,1,1.01,PL,1619469285
Berdigestyakh,62.0989,126.6992,22.3,94,99,8.05,RU,1619469286
Blagoyevo,63.3667,47.9167,39.85,92,100,6.24,RU,1619469287
Verkh-Chebula,56.0308,87.6218,41.81,74,100,8.68,RU,1619469287
Bāzpur,29.15,79.1167,79.18,12,0,4.45,IN,1619469288
La Tuque,47.4334,-72.7824,35.6,64,100,14.97,CA,1619469048
Saskylakh,71.9167,114.0833,-0.92,99,99,4.54,RU,1619468703
Erzin,36.9559,36.2,66.0,86,27,5.01,TR,1619469289
Mossamedes,-15.1961,12.1522,76.17,73,2,8.25,AO,1619468761
Port Lincoln,-34.7333,135.8667,60.21,80,97,4.92,AU,1619468809
Horta,38.5333,-28.6333,60.8,77,40,3.47,PT,1619469291
San Patricio,28.017,-97.5169,84.2,61,90,19.57,US,1619468699
Provideniya,64.3833,-173.3,39.2,70,0,4.47,RU,1619468620
Brufut,13.3814,-16.7518,73.4,73,0,9.22,GM,1619469292
Piterka,50.6803,47.4454,48.34,57,100,4.12,RU,1619469293
Sungai Penuh,-2.0833,101.3833,63.84,95,94,3.42,ID,1619469293
Port Hedland,-20.3167,118.5667,60.8,72,0,4.61,AU,1619469294
Zhezkazgan,47.8043,67.7144,57.13,43,100,8.16,KZ,1619469293
Moreira Sales,-24.0622,-53.0069,69.96,42,0,6.69,BR,1619469176
Atar,20.5169,-13.0499,88.0,15,69,9.15,MR,1619468729
Charcas,23.1333,-101.1167,84.06,18,100,5.35,MX,1619469296
Maniitsoq,65.4167,-52.9,33.49,98,100,9.55,GL,1619469297
Broome,42.2506,-75.833,52.0,36,1,14.97,US,1619468701
Kahului,20.8947,-156.47,82.4,54,1,4.61,US,1619468505
Asău,46.4333,26.4,42.01,58,100,2.51,RO,1619468756
Neiafu,-18.65,-173.9833,80.6,83,75,11.5,TO,1619469299
Fulton,33.7668,-84.4499,79.0,38,1,9.22,US,1619469300
Benoy,8.9833,16.3199,90.32,33,43,3.69,TD,1619469300
Margate,51.3813,1.3862,44.01,74,100,4.0,GB,1619469301
Darhan,49.4867,105.9228,34.39,58,51,4.63,MN,1619468750
Cuenca,-2.8833,-78.9833,71.6,46,75,6.91,EC,1619469303
Marsabit,2.3284,37.9899,68.72,65,94,7.78,KE,1619469304
Maba,24.6841,113.5984,67.37,98,100,2.08,CN,1619469305
Moose Factory,51.2585,-80.6094,53.6,26,75,9.22,CA,1619469305
Sur,22.5667,59.5289,86.83,36,27,10.27,OM,1619469306
Yamada,39.4667,141.95,36.75,59,0,5.59,JP,1619468816
Kostanay,53.1667,63.5833,48.2,93,90,8.95,KZ,1619469266
Manggar,-2.8833,108.2667,81.82,71,12,7.07,ID,1619468779
Hambantota,6.1241,81.1185,79.7,83,77,7.81,LK,1619469059
Eldorado,-23.7869,-54.2836,70.34,46,0,7.2,BR,1619469309
Washington,47.5001,-120.5015,64.99,32,70,4.0,US,1619469156
Morros,-9.4467,-46.3003,77.07,77,97,1.77,BR,1619469310
Miyako,39.6367,141.9525,40.89,49,0,4.7,JP,1619469311
Kamenka,51.3223,42.7678,45.0,80,100,9.57,RU,1619468795
Coyhaique,-45.5752,-72.0662,55.4,76,75,6.91,CL,1619469312
Grand Gaube,-20.0064,57.6608,77.0,82,100,8.99,MU,1619468788
Souillac,-20.5167,57.5167,78.8,78,75,16.11,MU,1619468736
Mishan,45.55,131.8833,39.94,85,99,4.47,CN,1619469313
Nur-Sultan,51.1801,71.446,51.8,82,40,6.71,KZ,1619469314
Lodja,-3.4833,23.4333,73.96,82,53,1.61,CD,1619469315
São Borja,-28.6606,-56.0044,63.1,68,70,1.41,BR,1619469315
São Filipe,14.8961,-24.4956,72.77,76,4,12.15,CV,1619468738
Bay Saint Louis,30.3088,-89.33,77.0,50,1,9.22,US,1619469316
Pangody,65.85,74.4859,33.39,92,100,15.66,RU,1619469317
Warwick,41.7001,-71.4162,57.99,24,1,16.11,US,1619469041
Ilhabela,-23.7781,-45.3581,72.73,83,83,3.13,BR,1619469318
Puerto Escondido,15.85,-97.0667,87.8,70,40,4.61,MX,1619469318
Albacete,38.8333,-2.0,57.2,77,20,5.75,ES,1619469319
Sampang,-7.1872,113.2394,80.6,83,20,6.91,ID,1619469320
Shakiso,5.75,38.9167,60.13,99,100,1.25,ET,1619469320
Nioro,13.35,-15.75,85.6,33,9,12.33,GM,1619468740
Atambua,-9.1061,124.8925,67.71,63,84,4.54,ID,1619469322
Odienné,9.51,-7.5692,79.32,63,54,2.62,CI,1619469322
Spokane,47.6166,-117.3677,57.99,44,75,5.84,US,1619469222
Waipawa,-41.4122,175.5153,53.6,71,90,17.27,NZ,1619469324
Diffa,13.3154,12.6113,89.78,9,2,7.36,NE,1619469143
Qui Nhon,13.7667,109.2333,78.51,88,87,5.3,VN,1619469325
Raja,8.4596,25.678,78.55,60,41,3.83,SS,1619469325
Van Buren,35.4368,-94.3483,84.2,34,1,10.36,US,1619469326
Launceston,-41.45,147.1667,39.99,93,19,4.61,AU,1619469327
Cayenne,4.9333,-52.3333,78.01,94,90,2.3,GF,1619469327
George,-33.963,22.4617,60.8,94,90,2.3,ZA,1619469059
Tres Arroyos,-38.3739,-60.2798,60.55,63,0,5.48,AR,1619469328
Biak,-0.9131,122.8766,75.67,85,98,5.59,ID,1619468752
Loudon,35.7328,-84.3338,78.01,44,9,1.01,US,1619469329
Awjilah,29.1081,21.2869,70.36,30,7,6.26,LY,1619469330
Chatrā,24.2167,84.8667,75.31,11,2,6.13,IN,1619469331
Dwārka,22.2394,68.9678,80.74,77,0,10.22,IN,1619469331
Mashivka,49.4431,34.8669,34.38,90,8,5.82,UA,1619469332
Knysna,-34.0363,23.0471,60.8,94,90,2.3,ZA,1619469199
Castaños,26.7833,-101.4167,93.2,20,75,8.05,MX,1619469333
Bundaberg,-24.85,152.35,64.0,88,0,6.91,AU,1619469334
Anaconda,46.1285,-112.9423,46.4,34,40,6.04,US,1619469334
Kalininskaya,45.4822,38.6628,45.0,93,3,1.99,RU,1619469335
Kongolo,-5.3833,27.0,72.28,92,100,1.9,CD,1619469336
Kloulklubed,7.0419,134.2556,77.0,88,75,7.52,PW,1619469336
Petropavlovsk-Kamchatskiy,53.0452,158.6483,32.0,100,90,2.24,RU,1619469303
Garachiné,8.0647,-78.3628,82.49,75,96,4.07,PA,1619469337
Hamilton,39.1834,-84.5333,73.99,35,1,8.05,US,1619469197
Kiryat Gat,31.61,34.7642,64.99,100,49,6.08,IL,1619469255
Largo,27.9095,-82.7873,88.0,57,0,9.22,US,1619469313
San Quintín,30.4833,-115.95,61.05,67,100,16.22,MX,1619469339
Copiapó,-27.3667,-70.3333,66.2,59,20,13.8,CL,1619469340
Chirongui,-12.9319,45.1483,80.6,83,0,5.75,YT,1619469340
Miepherkeim,38.1419,41.0081,75.2,31,0,10.36,TR,1619469341
Biloela,-24.4167,150.5,60.58,83,0,5.39,AU,1619469342
Ikot Ekpene,5.1794,7.7108,76.71,90,26,5.95,NG,1619469342
Aksarka,66.5606,67.7975,33.98,99,100,8.05,RU,1619469343
Porirua,-41.1333,174.85,54.0,77,98,3.0,NZ,1619469344
Parkersburg,39.2667,-81.5615,70.0,23,1,4.61,US,1619469289
Batticaloa,7.7102,81.6924,79.23,82,29,9.04,LK,1619469345
Baghdad,33.3406,44.4009,93.2,17,40,10.36,IQ,1619469345
Yima,34.7381,111.8839,54.82,76,100,7.16,CN,1619469346
‘Ewa Beach,21.3156,-158.0072,78.8,61,75,4.61,US,1619469346
Plettenberg Bay,-34.0527,23.3716,59.9,94,54,5.48,ZA,1619469347
Puerto del Rosario,28.5004,-13.8627,69.8,60,20,10.36,ES,1619469348
Seymchan,62.8833,152.4333,6.4,86,18,3.62,RU,1619469318
Kyabram,-36.3167,145.05,46.99,90,0,6.78,AU,1619469349
Bandarbeyla,9.4942,50.8122,83.05,72,80,6.13,SO,1619469078
Grindavik,63.8424,-22.4338,46.4,71,0,2.3,IS,1619469350
Bereda,43.2686,-7.5406,53.01,100,59,5.01,ES,1619469333
Ixtapa,20.7,-105.2,82.4,69,75,13.8,MX,1619469351
Verkhnyaya Toyma,62.2349,44.9985,37.96,94,100,3.11,RU,1619469352
Palmas Bellas,9.2319,-80.0867,88.0,66,80,8.01,PA,1619469352
Aswān,24.0934,32.907,80.6,19,0,17.09,EG,1619469077
Leningradskiy,69.3833,178.4167,27.21,91,48,5.32,RU,1619469353
Kâhta,37.7855,38.6237,59.0,51,0,9.22,TR,1619469354
Wajima,37.4,136.9,45.81,66,69,8.14,JP,1619469355
Tamsweg,47.1281,13.811,36.0,95,100,3.0,AT,1619469355
Nola,40.922,14.5329,62.6,59,0,3.44,IT,1619469356
Wanning,18.8003,110.3967,77.65,88,100,4.27,CN,1619469356
Casper,42.8666,-106.3131,68.0,12,20,28.77,US,1619469238
Havøysund,70.9963,24.6622,32.0,93,75,12.66,NO,1619469176
Mudkhed,19.1667,77.5167,88.43,28,100,12.64,IN,1619469358
Cabedelo,-6.9811,-34.8339,80.6,94,0,9.22,BR,1619469358
Berlevåg,70.8578,29.0864,32.0,86,90,9.22,NO,1619469359
Malbork,54.0359,19.0266,35.01,71,95,5.06,PL,1619469359
Touros,-5.1989,-35.4608,82.4,74,20,11.5,BR,1619469361
Yenagoa,4.9247,6.2642,79.43,87,14,4.25,NG,1619469362
Bac Lieu,9.285,105.7244,81.1,79,86,5.97,VN,1619469363
Mahabalipuram,12.6264,80.1722,82.4,78,40,4.61,IN,1619469363
Kardailovo,51.5386,53.9042,43.99,67,100,9.31,RU,1619469364
Serebriya,48.4559,27.7192,33.01,89,85,1.01,UA,1619469365
Alice Springs,-23.7,133.8833,44.6,61,0,3.44,AU,1619469085
Katsuura,35.1333,140.3,51.8,66,75,1.14,JP,1619469366
San Roque,36.2107,-5.3842,62.6,88,20,3.44,ES,1619469366
Kandalaksha,67.162,32.4123,21.92,94,52,2.73,RU,1619469367
Emerald,-23.5333,148.1667,59.0,47,5,8.05,AU,1619469368
Ranong,9.9658,98.6348,79.56,84,93,3.51,TH,1619469369
Puerto Suárez,-18.95,-57.8,78.8,78,75,3.02,BO,1619469369
Klaksvík,62.2266,-6.589,41.0,87,75,19.57,FO,1619469370
Elk Plain,47.0532,-122.3976,59.0,66,90,5.57,US,1619469370
Middletown,39.5151,-84.3983,73.4,28,1,12.66,US,1619469371
Marsá Maţrūḩ,31.3525,27.2453,62.6,72,0,5.75,EG,1619469372
San Cristobal,7.7669,-72.225,87.8,55,40,11.5,VE,1619469372
Aquin,18.2833,-73.4,81.18,68,20,1.59,HT,1619469373
Japura,-0.3167,102.35,73.15,98,46,1.34,ID,1619469374
Avallon,47.4833,3.9,53.01,50,100,6.98,FR,1619469374
Berbera,10.4396,45.0143,86.9,56,100,5.12,SO,1619469375
Esperance,-33.8667,121.9,66.2,45,100,14.97,AU,1619469375
Katherine,-14.4667,132.2667,75.2,83,100,5.75,AU,1619469105
Nouadhibou,20.931,-17.0347,66.2,82,0,14.97,MR,1619469377
Cotonou,6.3654,2.4183,86.0,74,20,13.8,BJ,1619469377
Pitimbu,-7.4706,-34.8086,80.6,94,0,9.22,BR,1619469348
Martapura,-3.4167,114.85,78.8,89,90,3.44,ID,1619469379
Sioux Lookout,50.1001,-91.917,37.4,75,90,10.36,CA,1619469379
La Ronge,55.1001,-105.2842,51.8,22,100,8.05,CA,1619469380
Araouane,18.9048,-3.5265,92.79,12,40,11.74,ML,1619469249
Tālcher,20.95,85.2167,75.87,75,99,3.62,IN,1619469381
Caluquembe,-13.7833,14.6833,62.46,69,49,4.41,AO,1619469382
Broken Hill,-31.95,141.4333,48.2,66,13,5.73,AU,1619469382
Monrovia,6.3005,-10.7969,80.6,89,20,10.67,LR,1619469383
Bolshoye Nagatkino,54.5196,47.9679,33.8,64,97,3.29,RU,1619469383
‘Āhuimanu,21.4447,-157.8378,78.8,61,75,10.36,US,1619469384
Samarai,-10.6167,150.6667,80.82,80,92,4.52,PG,1619469385
Sobolevo,54.4299,31.8996,31.01,75,12,4.92,RU,1619469385
Calabazar de Sagua,22.6447,-79.8961,89.6,40,40,12.66,CU,1619469386
Coquimbo,-29.9533,-71.3436,60.8,77,40,8.05,CL,1619469196
Russell,32.3502,-85.1999,82.4,36,1,5.75,US,1619469387
Buala,-8.145,159.5921,82.36,79,90,4.74,SB,1619469388
Vanavara,60.34,102.2797,14.36,95,13,2.24,RU,1619469389
Tashtagol,52.7657,87.8894,33.28,94,100,2.95,RU,1619469390
Nikolskoye,59.7035,30.7861,42.8,75,75,6.71,RU,1619469391
Roswell,34.0232,-84.3616,79.0,46,1,6.91,US,1619469376
Ilulissat,69.2167,-51.1,51.8,40,75,16.11,GL,1619469392
Flagstaff,35.1981,-111.6513,57.0,22,1,29.93,US,1619469393
Hell,63.4455,10.9033,37.99,81,75,1.48,NO,1619469393
Saint-Leu,-21.15,55.2833,77.0,73,90,11.5,RE,1619469394
Ambon City,-3.6954,128.1814,80.71,68,30,7.38,ID,1619469395
Fairbanks,64.8378,-147.7164,59.0,37,20,3.65,US,1619469192
Bambous Virieux,-20.3428,57.7575,78.8,78,75,16.11,MU,1619469257
Ilebo,-4.3167,20.5833,72.7,96,84,1.59,CD,1619469397
Dabakala,8.3667,-4.4333,77.05,76,67,7.05,CI,1619469397
Kununurra,-15.7667,128.7333,78.8,65,43,3.44,AU,1619469370
Ladário,-19.0047,-57.6017,78.8,61,75,8.05,BR,1619469398
Batagay,67.6333,134.6333,29.03,96,100,4.09,RU,1619469266
Nelson Bay,-32.7167,152.15,53.01,100,4,6.91,AU,1619469399
Nantucket,41.2835,-70.0995,55.4,35,1,21.85,US,1619469187
Anadyr,64.75,177.4833,23.0,93,0,2.24,RU,1619469400
Okhotsk,59.3833,143.3,21.42,79,90,2.68,RU,1619469401
Nishihara,26.1842,127.7558,68.0,68,40,3.44,JP,1619469403
Yokadouma,3.5167,15.05,76.24,70,67,1.72,CM,1619469404
Sirte,31.2089,16.5887,67.46,59,38,19.1,LY,1619469405
Magrath,49.4167,-112.8686,55.4,35,60,23.02,CA,1619469406
College,64.8569,-147.8028,59.0,35,75,3.69,US,1619469406
Waingapu,-9.6567,120.2641,73.45,70,33,7.63,ID,1619469407
Rawson,-43.3002,-65.1023,69.26,33,23,5.41,AR,1619469407
Bansko,41.8383,23.4885,48.16,93,81,3.38,BG,1619469408
Äänekoski,62.6946,25.818,36.0,86,90,5.75,FI,1619469409
Yulara,-25.2406,130.9889,55.4,47,0,8.05,AU,1619469183
Basoko,1.2391,23.616,73.51,86,43,0.74,CD,1619469409
Kansk,56.2017,95.7175,38.16,96,100,3.02,RU,1619469410
Christchurch,-43.5333,172.6333,46.0,87,90,3.44,NZ,1619469204
Tarko-Sale,64.9225,77.785,30.99,81,57,18.01,RU,1619469411
Aksaray,38.3726,34.0254,50.0,87,75,4.61,TR,1619469412
Oranjemund,-28.55,16.4333,60.44,90,2,6.2,NA,1619469413
Pacific Grove,36.6177,-121.9166,60.8,48,1,11.5,US,1619469216
Kungurtug,50.5994,97.5228,14.22,89,56,2.42,RU,1619469301
Nikolayevsk-on-Amur,53.1406,140.73,33.78,75,54,2.59,RU,1619469414
Kieta,-6.2167,155.6333,80.85,79,83,2.89,PG,1619469415
The Valley,18.217,-63.0578,84.2,65,20,12.66,AI,1619469415
Hwange,-18.3693,26.5019,68.95,57,20,1.39,ZW,1619469416
Cervo,43.6702,-7.4101,54.0,89,98,6.49,ES,1619469417
Bay Roberts,47.5999,-53.2648,46.0,63,100,7.0,CA,1619469417
Ngunguru,-35.6167,174.5,59.29,71,20,7.9,NZ,1619469418
Fort-Shevchenko,44.5086,50.263,56.25,78,98,4.63,KZ,1619469418
Phang Nga,8.4509,98.5298,82.99,94,75,3.44,TH,1619469195
Kumul,42.8,93.45,47.59,17,6,9.78,CN,1619469419
Pedro II,-4.4247,-41.4586,75.81,69,100,2.28,BR,1619469420
Tarata,-17.6167,-66.0167,78.8,22,20,5.75,BO,1619469420
Tambura,5.6,27.4667,71.4,87,99,5.19,SS,1619469421
Yuli,9.6989,10.2744,88.14,36,43,8.66,NG,1619469422
Amahai,-3.3333,128.9167,77.36,77,55,2.86,ID,1619469347
Port Macquarie,-31.4333,152.9167,54.0,98,4,3.0,AU,1619469423
Loikaw,19.6742,97.2094,67.91,89,70,1.1,MM,1619469424
Florø,61.5996,5.0328,39.2,70,20,2.3,NO,1619469424
Shelburne,44.0787,-80.2041,52.0,27,20,4.61,CA,1619469183
Itarema,-2.9248,-39.9167,80.38,77,69,13.02,BR,1619469425
Mariana,-20.3778,-43.4161,68.38,85,46,0.94,BR,1619469426
Ahipara,-35.1667,173.1667,61.83,74,16,8.9,NZ,1619469426
Suleja,9.1758,7.1808,77.0,78,40,4.61,NG,1619469196
Calabozo,8.9242,-67.4293,97.2,29,100,3.56,VE,1619469427
Valdez,1.2492,-78.9831,79.65,81,99,4.38,EC,1619469428
Felanitx,39.4696,3.1483,62.6,72,40,9.22,ES,1619469429
Kapuskasing,49.4169,-82.4331,48.2,29,96,9.22,CA,1619469429
Denpasar,-8.65,115.2167,82.4,78,75,6.91,ID,1619469430
Norfolk,42.1668,-71.2495,57.0,28,6,16.11,US,1619469431
Nuevitas,21.5453,-77.2644,93.2,36,20,14.97,CU,1619469431
Teya,60.3778,92.6267,28.6,97,34,2.51,RU,1619469432
Faya,18.3851,42.4509,59.0,82,0,1.9,SA,1619469286
Tucuruí,-3.7661,-49.6725,79.47,84,84,1.68,BR,1619469433
Santa Maria,-29.6842,-53.8069,69.8,43,0,3.44,BR,1619469267
Ivanteyevka,55.9711,37.9208,43.0,56,0,4.47,RU,1619469434
Támara,14.15,-87.3333,91.0,39,40,13.8,HN,1619469434
Myanaung,18.2833,95.3167,80.19,69,23,1.16,MM,1619469435
Guadalupe y Calvo,26.1,-106.9667,71.22,10,41,11.88,MX,1619469436
Tomatlán,19.9333,-105.25,91.31,31,100,11.03,MX,1619469436
Yar-Sale,66.8333,70.8333,33.62,97,100,13.49,RU,1619469437
Monastyrshchina,54.3496,31.838,31.03,75,14,4.92,RU,1619469438
Spruce Grove,53.5334,-113.9187,59.0,18,75,19.57,CA,1619469439
Luba,3.4568,8.5547,80.6,83,20,6.91,GQ,1619469440
Auki,-8.7676,160.7034,81.0,83,81,0.78,SB,1619469315
Agüimes,27.9054,-15.4461,69.01,73,75,10.36,ES,1619469441
Chapais,49.7834,-74.8492,35.6,69,90,16.11,CA,1619469312
Gravelbourg,49.8834,-106.5512,46.4,57,90,5.75,CA,1619469442
Paita,-5.0892,-81.1144,80.6,61,0,14.97,PE,1619469443
Sitka,57.0531,-135.33,51.8,54,1,3.44,US,1619469245
Rebrikha,53.0733,82.3408,47.43,90,93,8.97,RU,1619469444
São João do Paraíso,-15.3136,-42.0144,76.78,52,89,3.27,BR,1619469445
La Primavera,5.4906,-70.4092,89.64,50,99,3.09,CO,1619469445
Bartica,6.4,-58.6167,84.2,74,75,11.5,GY,1619469446
Miraflores,19.2167,-98.8083,84.2,23,20,4.61,MX,1619469446
Prince Rupert,54.3161,-130.3201,51.8,71,1,6.91,CA,1619469447
Ust'-Ilimsk,58.0006,102.6619,20.05,97,15,2.13,RU,1619469448
Casino,-28.8667,153.05,55.0,100,90,3.44,AU,1619469449
Aykhal,66.0,111.5,7.14,95,100,12.95,RU,1619469450
Bajil,15.0584,43.2851,87.3,56,97,7.83,YE,1619469450
Arkhara,49.4212,130.0842,47.84,36,93,15.86,RU,1619469451
Putina,-15.4667,-69.4333,48.61,48,7,7.11,PE,1619469451
Ol'ga,43.7444,135.2892,39.96,56,17,2.91,RU,1619469452
Cerrito,6.8432,-72.694,77.0,73,75,8.05,CO,1619469453
Xining,36.6167,101.7667,38.21,51,85,2.17,CN,1619469283
Valtierrilla,20.5333,-101.1333,88.0,20,90,1.63,MX,1619469454
Anchorage,61.2181,-149.9003,53.6,35,1,4.61,US,1619469204
Goedereede,51.8175,3.9806,46.99,73,100,15.05,NL,1619469359
Kulhudhuffushi,6.6221,73.07,84.06,71,13,6.46,MV,1619469456
San Juan de los Morros,9.9115,-67.3538,89.82,37,100,2.28,VE,1619469457
Slyudyanka,51.6594,103.7061,34.59,96,100,3.78,RU,1619469458
Nuuk,64.1835,-51.7216,35.6,100,75,6.91,GL,1619469175
Loreto,22.2667,-101.9667,85.57,17,100,11.59,MX,1619469459
Usinsk,65.9939,57.5281,36.36,93,100,4.68,RU,1619469459
Dandong,40.1292,124.3947,50.27,95,100,8.97,CN,1619469460
Goundam,16.4145,-3.6708,92.32,11,6,10.45,ML,1619469461
Rimbey,52.6334,-114.2353,55.4,16,69,16.11,CA,1619469461
Tura,25.5198,90.2201,77.99,31,93,4.68,IN,1619469462
Sarangani,5.4033,125.4636,81.68,72,100,0.56,PH,1619469462
Rockhampton,-23.3833,150.5,64.4,72,0,8.05,AU,1619469463
Eenhana,-17.4667,16.3333,69.8,46,3,3.44,NA,1619469249
Homer,59.6425,-151.5483,53.6,35,1,6.91,US,1619469464
Kita,13.0349,-9.4895,91.22,29,91,1.41,ML,1619469464
Timmins,48.4669,-81.3331,48.2,27,40,8.05,CA,1619469465
Noshiro,40.2039,140.0242,38.55,68,0,4.65,JP,1619469466
Coelho Neto,-4.2567,-43.0128,79.3,75,72,1.39,BR,1619469466
Hithadhoo,-0.6,73.0833,82.49,64,10,5.19,MV,1619469467
Praia,14.9215,-23.5087,71.6,68,20,19.57,CV,1619469199
Romitan,39.9343,64.3814,66.2,37,0,9.22,UZ,1619469468
Siay,7.6961,122.8631,75.92,90,100,3.83,PH,1619469468
Bonavista,48.6499,-53.1147,46.4,57,100,9.22,CA,1619469470
Shitanjing,39.2342,106.3439,39.42,30,47,8.25,CN,1619469471
Labytnangi,66.6572,66.4183,33.26,98,100,6.98,RU,1619469471
Changping,40.2186,116.2197,48.2,87,0,2.24,CN,1619469472
San Vicente,-26.6167,-54.1333,60.24,55,0,3.67,AR,1619469473
Horodkivka,49.9068,28.9847,36.1,76,90,5.17,UA,1619469473
Mercedes,-34.6515,-59.4307,64.0,76,22,3.53,AR,1619469475
La Crosse,43.8014,-91.2396,62.6,48,90,5.75,US,1619469455
Jalu,29.0331,21.5482,70.03,30,6,5.99,LY,1619469476
Namtsy,62.7161,129.6658,33.8,93,20,2.24,RU,1619469477
Evanston,42.0411,-87.6901,77.0,31,75,20.71,US,1619469449
Eilat,29.5581,34.9482,75.2,38,0,17.27,IL,1619469478
Talcahuano,-36.7167,-73.1167,62.6,67,0,14.97,CL,1619469479
Baripāda,21.935,86.7214,84.16,37,100,5.66,IN,1619469479
Ulagan,50.6321,87.9563,29.57,72,98,3.04,RU,1619469480
Pinalejo,15.3833,-88.4,91.4,62,40,9.22,HN,1619469480
Kaa-Khem,51.6833,94.7333,34.79,59,90,4.97,RU,1619469481
Padang,-0.9492,100.3543,77.58,87,86,4.29,ID,1619469482
Monte Patria,-30.6919,-70.9467,74.23,43,0,5.75,CL,1619469482
Ouro Preto do Oeste,-10.7481,-62.2158,76.71,91,100,5.21,BR,1619469483
Ternate,0.8,127.4,80.17,79,19,5.03,ID,1619469244
Srandakan,-7.9386,110.2506,75.11,84,7,4.29,ID,1619469484
Sinjār,36.3209,41.8754,72.21,31,51,7.29,IQ,1619469313
Merauke,-8.4667,140.3333,75.79,92,90,8.05,ID,1619469486
Alyangula,-13.8483,136.4192,77.0,100,75,2.3,AU,1619469487
Caravelas,-17.7125,-39.2481,77.0,77,34,7.72,BR,1619469487
Cairns,-16.9167,145.7667,75.2,83,90,11.5,AU,1619469488
Tianpeng,30.9866,103.9393,64.99,1,100,6.17,CN,1619469488
Sambava,-14.2667,50.1667,75.61,88,66,8.59,MG,1619469489
Thyolo,-16.0678,35.1405,64.96,84,71,2.73,MW,1619469490
Kaka,37.3482,59.6143,74.66,17,40,5.55,TM,1619469490
Gamba,-2.65,10.0,78.64,87,88,4.34,GA,1619469491
Klyuchi,52.2667,79.1667,51.03,69,100,7.74,RU,1619469492
Imst,47.2684,10.6698,51.8,100,90,5.75,AT,1619469492
Banda Aceh,5.5577,95.3222,79.63,80,84,2.93,ID,1619469493
Mogadishu,2.0371,45.3438,83.14,75,80,9.06,SO,1619469494
Bubaque,11.2833,-15.8333,78.4,71,16,19.42,GW,1619469494
Angoche,-16.2325,39.9086,77.14,84,71,3.13,MZ,1619469495
Oddur,4.1213,43.8894,79.79,62,97,4.5,SO,1619469496
Ust-Tsilma,65.441,52.1498,37.38,99,100,2.04,RU,1619469496
Cururupu,-1.8283,-44.8683,77.45,85,97,4.0,BR,1619469497
Turaif,31.6725,38.6637,66.2,37,0,11.5,SA,1619469219
Ponta Delgada,37.7333,-25.6667,60.8,77,75,8.05,PT,1619469498
Omboué,-1.5746,9.2618,79.27,86,100,5.12,GA,1619469499
Ugoofaaru,5.6667,73.0,82.96,74,5,5.12,MV,1619469499
North Platte,41.1239,-100.7654,86.0,19,1,9.22,US,1619469426
Belmonte,-15.8631,-38.8828,80.6,65,40,13.8,BR,1619469222
